Time,Device,Issue,Action,Result
2026-09-13 22:03:41,Router,Network DOWN,IP Reset,Completed
2026-09-13 22:03:42,Router,CPU > 90%,Killed 0 processes,Completed
2026-09-13 22:03:42,Router,Memory > 90%,Cache cleared,Completed
2026-09-13 22:03:43,Router,Latency > 100ms,DNS flushed,Completed
2026-09-13 22:03:52,Firewall,Network DOWN,IP Reset,Completed
2026-09-13 22:03:54,Firewall,CPU > 90%,Killed 0 processes,Completed
2026-09-13 22:03:54,Firewall,Memory > 90%,Cache cleared,Completed
2026-09-13 22:03:54,Firewall,Latency > 100ms,DNS flushed,Completed
2026-09-13 22:03:57,Firewall,Network DOWN,IP Reset,Completed
2026-09-13 22:03:58,Firewall,CPU > 90%,Killed 0 processes,Completed
2026-09-13 22:03:59,Firewall,Memory > 90%,Cache cleared,Completed
2026-09-13 22:03:59,Firewall,Latency > 100ms,DNS flushed,Completed
2026-09-13 22:04:31,Switch,Latency > 100ms,DNS flushed,Completed
2026-09-13 23:02:18,Router,Network DOWN,IP Reset,Completed
2026-09-13 23:02:19,Router,CPU > 90%,Killed 0 processes,Completed
2026-09-13 23:02:19,Router,Memory > 90%,Cache cleared,Completed
2026-09-13 23:02:19,Router,Latency > 100ms,DNS flushed,Completed
2026-09-14 10:23:01,Manual,CPU > 90%,Killed 0 processes,Completed
2026-09-14 10:23:03,Manual,Memory > 90%,Cache cleared,Completed
2026-09-14 10:23:07,Manual,Network DOWN,IP Reset,Completed
2026-09-14 10:44:50,Router,Network DOWN,IP Reset,Completed
2026-09-14 10:44:51,Router,CPU > 90%,Killed 0 processes,Completed
2026-09-14 10:44:51,Router,Memory > 90%,Cache cleared,Completed
2026-09-14 10:44:51,Router,Latency > 100ms,DNS flushed,Completed
2026-09-14 12:23:17,Switch,Network DOWN,IP Reset,Completed
2026-09-14 12:23:19,Switch,CPU > 90%,Killed 0 processes,Completed
2026-09-14 12:23:19,Switch,Memory > 90%,Cache cleared,Completed
2026-09-14 12:23:19,Switch,Latency > 100ms,DNS flushed,Completed
2026-09-14 12:23:20,Switch,Network DOWN,IP Reset,Completed
2026-09-14 12:23:21,Switch,CPU > 90%,Killed 0 processes,Completed
2026-09-14 12:23:21,Switch,Memory > 90%,Cache cleared,Completed
2026-09-14 12:23:21,Switch,Latency > 100ms,DNS flushed,Completed
2026-09-14 12:23:23,Switch,Network DOWN,IP Reset,Completed
2026-09-14 12:23:24,Switch,CPU > 90%,Killed 0 processes,Completed
2026-09-14 12:23:24,Switch,Memory > 90%,Cache cleared,Completed
2026-09-14 12:23:24,Switch,Latency > 100ms,DNS flushed,Completed
2026-09-14 12:23:25,Switch,Network DOWN,IP Reset,Completed
2026-09-14 12:23:26,Switch,CPU > 90%,Killed 0 processes,Completed
2026-09-14 12:23:26,Switch,Memory > 90%,Cache cleared,Completed
2026-09-14 12:23:27,Switch,Latency > 100ms,DNS flushed,Completed
2026-09-14 14:13:10,Firewall,Network DOWN,IP Reset,Completed
2026-09-14 14:13:12,Firewall,CPU > 90%,Killed 0 processes,Completed
2026-09-14 14:13:12,Firewall,Memory > 90%,Cache cleared,Completed
2026-09-14 14:13:12,Firewall,Latency > 100ms,DNS flushed,Completed
2026-09-14 14:18:01,Manual,CPU > 90%,Killed 0 processes,Completed
2026-09-14 14:18:01,Manual,Memory > 90%,Cache cleared,Completed
2026-09-14 14:18:04,Manual,Network DOWN,IP Reset,Completed
2026-09-16 18:56:01,Manual,CPU > 90%,Killed 0 processes,Completed
2026-09-16 18:56:03,Manual,Memory > 90%,Cache cleared,Completed
2026-09-16 18:56:06,Manual,Network DOWN,IP Reset,Completed
2026-09-19 13:39:11,Switch,Errors > 10/sec,Interface flagged for physical check,Flag created — check cable/NIC
2026-09-19 17:35:45,My PC,Network DOWN,IP Reset,Completed
2026-09-19 17:35:46,My PC,CPU > 90%,Killed 0 processes,Completed
2026-09-19 17:35:46,My PC,Memory > 90%,Cache cleared,Completed
2026-09-19 17:35:46,My PC,Latency > 100ms,DNS flushed,Completed
2026-09-19 17:35:58,My PC,Network DOWN,IP Reset,Completed
2026-09-19 17:35:59,My PC,CPU > 90%,Killed 0 processes,Completed
2026-09-19 17:35:59,My PC,Memory > 90%,Cache cleared,Completed
2026-09-19 17:36:00,My PC,Latency > 100ms,DNS flushed,Completed
2026-09-20 13:59:33,Switch,NIC / switch-port errors,Recommend cable + switch-port inspection,Flagged for operator
2026-09-20 14:03:05,Router,High gateway RTT / loss,Recommend router CPU/session check and reboot window,Flagged for operator
2026-09-20 15:24:57,Router,High gateway RTT / loss,Recommend router CPU/session check and reboot window,Flagged for operator
2026-09-20 19:14:01,Router,High gateway RTT / loss,Recommend router CPU/session check and reboot window,Flagged for operator
2026-09-20 22:29:31,My Network,High gateway RTT / loss,Recommend router CPU/session check and reboot window,Flagged for operator
